﻿<?xml version="1.0" encoding="utf-8"?>
<root>
  <wearType>
    <wear name = "上装" id = "04"/>
    <wear name = "下装" id = "05"/>
    <wear name = "套装" id = "30"/>
    <wear name = "鞋子" id = "06"/>
    <wear name = "头发" id = "02"/>
    
    <wear name = "眼镜" id = "09"/>
    <wear name = "嘴巴" id = "07"/>
    <wear name = "眼睛" id = "08"/>
    <wear name = "手环" id = "10"/>
    <wear name = "头饰" id = "11"/>
    
    <wear name = "脚饰" id = "12"/>
    <wear name = "项链" id = "13"/>
    <wear name = "耳环" id = "14"/>
    <wear name = "手饰" id = "15"/>
    <wear name = "戒指" id = "16"/>
    
    <wear name = "包" id = "17"/>
    <wear name = "袜" id = "18"/>
  </wearType>
  <animation>
    <animater name ="idle"/>
    <animater name ="walk"/>
    <animater name ="hello"/>
    <animater name ="change_cloth"/>
    <animater name ="dress_idle"/>
    <animater name ="talk"/>
  </animation>
  <DNAHead>
    <Head name ="头部大小" type ="headSize"/>
    <Head name ="头部宽窄" type ="headWidth"/>
    <Head name ="颈部" type ="neckThickness"/>
    <Head name ="耳朵大小" type ="earsSize"/>
    
    <Head name ="耳朵位置" type ="earsPosition"/>
    <Head name ="耳朵旋转" type ="earsRotation"/>
    <Head name ="鼻子大小" type ="noseSize"/>
    <Head name ="鼻子曲线" type ="noseCurve"/>
    <Head name ="鼻子宽度" type ="noseWidth"/>
    <Head name ="鼻子" type ="noseInclination"/>
    <Head name ="鼻子位置" type ="nosePosition"/>
    <Head name ="鼻子肌肉" type ="nosePronounced"/>
    <Head name ="鼻子高低" type ="noseFlatten"/>
    <Head name ="下巴尖大小" type ="chinSize"/>
    
    <Head name ="下巴" type ="chinPronounced"/>
    <Head name ="下巴尖位置" type ="chinPosition"/>
    <Head name ="下颌骨大小" type ="mandibleSize"/>
    <Head name ="下巴大小" type ="jawsSize"/>
    <Head name ="下巴位置" type ="jawsPosition"/>
    <Head name ="面颊大小" type ="cheekSize"/>
    <Head name ="面颊位置" type ="cheekPosition"/>
    <Head name ="下面颊肌肉" type ="lowCheekPronounced"/>
    <Head name ="下面颊位置" type ="lowCheekPosition"/>
    <Head name ="前额大小" type ="foreheadSize"/>
    
    <Head name ="前额位置" type ="foreheadPosition"/>
    <Head name ="嘴唇大小" type ="lipsSize"/>
    <Head name ="嘴巴大小" type ="mouthSize"/>
    <Head name ="眼睛旋转" type ="eyeRotation"/>
    <Head name ="眼睛大小" type ="eyeSize"/>
  </DNAHead>
  <DNATrunk>
    <Head name ="身高" type ="height"/>
    <Head name ="胳膊长短" type ="armLength"/>
    <Head name ="小臂长短" type ="forearmLength"/>
    <Head name ="大臂" type ="armWidth"/>
    <Head name ="小臂" type ="forearmWidth"/>
    <Head name ="手" type ="handsSize"/>
    <Head name ="脚" type ="feetSize"/>
    
    <Head name ="腿部间距" type ="legSeparation"/>
    <Head name ="肩部" type ="upperMuscle"/>
    <Head name ="下身肌肉" type ="lowerMuscle"/>
    <Head name ="腰围" type ="upperWeight"/>
    <Head name ="下身宽度" type ="lowerWeight"/>
    <Head name ="腿大小" type ="legsSize"/>
    <Head name ="腹部" type ="belly"/>
    <Head name ="腰部" type ="waist"/>
    <Head name ="臀围" type ="gluteusSize"/>
    <Head name ="胸围" type ="breastSize"/>
  </DNATrunk>
</root>
